Idade;Genero;Escolaridade;Tipo_Moradia;Saldo_Investimento;Saldo_Conta_Corrente;Valor_Emprestimo;Duracao_Emprestimo;Default
67;M;Graduacao;Propria;Sem investimento;Pouco;1169;6;0
22;H;Graduacao;Propria;Pouco;Moderado;5951;48;1
49;M;Pos Graduacao;Propria;Pouco;Sem conta;2096;12;0
45;M;Graduacao;De favor;Pouco;Pouco;7882;42;0
53;M;Graduacao;De favor;Pouco;Pouco;4870;24;1
35;M;Pos Graduacao;De favor;Sem investimento;Sem conta;9055;36;0
53;M;Graduacao;Propria;Alto;Sem conta;2835;24;0
35;M;Ensino Medio;Alugada;Pouco;Moderado;6948;36;0
61;M;Pos Graduacao;Propria;Alto;Sem conta;3059;12;0
28;M;Ensino Medio;Propria;Pouco;Moderado;5234;30;1
25;H;Graduacao;Alugada;Pouco;Moderado;1295;12;1
24;H;Graduacao;Alugada;Pouco;Pouco;4308;48;1
22;H;Graduacao;Propria;Pouco;Moderado;1567;12;0
60;M;Pos Graduacao;Propria;Pouco;Pouco;1199;24;1
28;H;Graduacao;Alugada;Pouco;Pouco;1403;15;0
32;H;Pos Graduacao;Propria;Moderado;Pouco;1282;24;1
53;M;Graduacao;Propria;Sem investimento;Sem conta;2424;24;0
25;M;Graduacao;Propria;Sem investimento;Pouco;8072;30;0
44;H;Ensino Medio;De favor;Pouco;Moderado;12579;24;1
31;M;Graduacao;Propria;Alto;Sem conta;3430;24;0
48;M;Graduacao;Propria;Pouco;Sem conta;2134;9;0
44;M;Graduacao;Alugada;Alto;Pouco;2647;6;0
48;M;Pos Graduacao;Alugada;Pouco;Pouco;2241;10;0
44;M;Graduacao;Propria;Moderado;Moderado;1804;12;0
26;M;Graduacao;Propria;Sem investimento;Sem conta;2069;10;0
36;M;Pos Graduacao;Propria;Pouco;Pouco;1374;6;0
39;M;Pos Graduacao;Propria;Pouco;Sem conta;426;6;0
42;H;Graduacao;Alugada;Alto;Alto;409;12;0
34;M;Graduacao;Propria;Pouco;Moderado;2415;7;0
63;M;Graduacao;Propria;Pouco;Pouco;6836;60;1
36;M;Graduacao;Propria;Alto;Moderado;1913;18;0
27;M;Graduacao;Propria;Pouco;Pouco;4020;24;0
30;M;Graduacao;Propria;Moderado;Moderado;5866;18;0
57;M;Pos Graduacao;Alugada;Sem investimento;Sem conta;1264;12;0
33;H;Ensino Medio;Propria;Pouco;Alto;1474;12;0
25;M;Pos Graduacao;Propria;Pouco;Moderado;4746;45;1
31;M;Graduacao;De favor;Pouco;Sem conta;6110;48;0
37;M;Graduacao;Propria;Pouco;Alto;2100;18;1
37;M;Graduacao;Propria;Pouco;Alto;1225;10;0
24;M;Graduacao;Propria;Pouco;Moderado;458;9;0
30;M;Ensino Medio;Propria;Alto;Sem conta;2333;30;0
26;M;Graduacao;Propria;Alto;Moderado;1158;12;0
44;M;Pos Graduacao;Propria;Pouco;Moderado;6204;18;0
24;M;Graduacao;Alugada;Moderado;Pouco;6187;30;0
58;H;Pos Graduacao;De favor;Pouco;Pouco;6143;48;1
35;H;Ensino Medio;Propria;Pouco;Sem conta;1393;11;0
39;M;Graduacao;Propria;Alto;Sem conta;2299;36;0
23;H;Ensino Medio;Alugada;Alto;Pouco;1352;6;0
39;M;Pos Graduacao;Propria;Pouco;Sem conta;7228;11;0
28;H;Graduacao;Propria;Moderado;Sem conta;2073;12;0
29;M;Pos Graduacao;Propria;Sem investimento;Alto;2333;24;0
30;M;Ensino Medio;Propria;Pouco;Moderado;5965;27;0
25;M;Graduacao;Propria;Pouco;Sem conta;1262;12;0
31;M;Graduacao;Propria;Sem investimento;Sem conta;3378;18;0
57;M;Graduacao;De favor;Pouco;Moderado;2225;36;1
26;M;Pos Graduacao;Propria;Sem investimento;Sem conta;783;6;0
52;M;Ensino Medio;Propria;Sem investimento;Alto;6468;12;1
31;H;Graduacao;Propria;Pouco;Sem conta;9566;36;0
23;H;Ensino Medio;Propria;Pouco;Alto;1961;18;0
23;H;Pos Graduacao;Alugada;Pouco;Pouco;6229;36;1
27;M;Graduacao;Propria;Pouco;Moderado;1391;9;0
50;M;Graduacao;Propria;Sem investimento;Alto;1537;15;0
61;M;Ensino Medio;De favor;Pouco;Moderado;1953;36;1
25;M;Graduacao;Propria;Pouco;Moderado;14421;48;1
26;H;Graduacao;Propria;Pouco;Sem conta;3181;24;0
48;M;Graduacao;Propria;Sem investimento;Sem conta;5190;27;0
29;H;Graduacao;Propria;Pouco;Sem conta;2171;12;0
22;M;Graduacao;Propria;Alto;Moderado;1007;12;0
37;M;Graduacao;De favor;Pouco;Sem conta;1819;36;1
25;H;Graduacao;Propria;Sem investimento;Sem conta;2394;36;0
30;H;Graduacao;Propria;Pouco;Sem conta;8133;36;0
46;M;Pos Graduacao;Alugada;Sem investimento;Sem conta;730;7;0
51;M;Ensino Medio;De favor;Pouco;Pouco;1164;8;0
41;H;Pos Graduacao;Propria;Pouco;Moderado;5954;42;0
40;M;Ensino Medio;Propria;Sem investimento;Pouco;1977;36;1
66;M;Ensino Medio;De favor;Pouco;Pouco;1526;12;0
34;M;Graduacao;Propria;Pouco;Pouco;3965;42;1
51;M;Graduacao;Propria;Pouco;Moderado;4771;11;0
39;M;Pos Graduacao;Propria;Sem investimento;Sem conta;9436;54;0
22;M;Graduacao;Propria;Pouco;Moderado;3832;30;0
44;H;Graduacao;Propria;Sem investimento;Sem conta;5943;24;1
47;M;Graduacao;Propria;Alto;Sem conta;1213;15;0
24;H;Pos Graduacao;Alugada;Moderado;Sem conta;1568;18;0
58;H;Pos Graduacao;Propria;Pouco;Pouco;1755;24;0
52;M;Pos Graduacao;Propria;Pouco;Pouco;2315;10;0
29;H;Ensino Medio;Propria;Pouco;Sem conta;1412;12;0
27;H;Graduacao;Propria;Pouco;Moderado;1295;18;0
47;M;Graduacao;De favor;Moderado;Moderado;12612;36;1
30;M;Ensino Medio;Propria;Moderado;Pouco;2249;18;0
28;M;Graduacao;Propria;Pouco;Pouco;1108;12;1
56;M;Graduacao;Propria;Pouco;Sem conta;618;12;0
54;M;Graduacao;Propria;Pouco;Pouco;1409;12;0
33;H;Pos Graduacao;Propria;Sem investimento;Sem conta;797;12;1
20;M;Graduacao;Alugada;Sem investimento;Alto;3617;24;0
54;M;Graduacao;Propria;Alto;Moderado;1318;12;0
58;M;Graduacao;Alugada;Pouco;Moderado;15945;54;1
61;H;Graduacao;Propria;Sem investimento;Sem conta;2012;12;0
34;M;Graduacao;Propria;Moderado;Moderado;2622;18;0
36;M;Graduacao;Propria;Pouco;Moderado;2337;36;0
36;M;Ensino Medio;Alugada;Sem investimento;Alto;7057;20;0
41;M;Pos Graduacao;Alugada;Moderado;Sem conta;1469;24;0
24;M;Graduacao;Alugada;Pouco;Moderado;2323;36;0
24;H;Graduacao;Propria;Pouco;Sem conta;932;6;0
35;M;Graduacao;Alugada;Pouco;Moderado;1919;9;0
26;M;Graduacao;Alugada;Sem investimento;Sem conta;2445;12;0
39;M;Ensino Medio;Propria;Pouco;Moderado;11938;24;1
39;M;Ensino Medio;Propria;Pouco;Sem conta;6458;18;1
32;M;Graduacao;Propria;Pouco;Moderado;6078;12;0
30;H;Graduacao;Propria;Sem investimento;Pouco;7721;24;0
35;M;Graduacao;Propria;Alto;Moderado;1410;14;0
31;M;Graduacao;Propria;Moderado;Moderado;1449;6;0
23;H;Graduacao;Alugada;Pouco;Alto;392;15;0
28;M;Pos Graduacao;Alugada;Pouco;Moderado;6260;18;0
25;H;Graduacao;Propria;Pouco;Sem conta;7855;36;1
35;M;Graduacao;Propria;Alto;Pouco;1680;12;0
47;M;Graduacao;Propria;Sem investimento;Sem conta;3578;48;0
30;H;Ensino Medio;Propria;Sem investimento;Pouco;7174;42;1
27;H;Graduacao;Alugada;Sem investimento;Pouco;2132;10;0
23;H;Graduacao;Propria;Alto;Pouco;4281;33;1
36;M;Ensino Medio;Propria;Alto;Moderado;2366;12;0
25;H;Graduacao;Propria;Pouco;Pouco;1835;21;1
41;H;Ensino Medio;Alugada;Pouco;Sem conta;3868;24;0
24;M;Pos Graduacao;Alugada;Pouco;Sem conta;1768;12;0
63;M;Graduacao;De favor;Pouco;Alto;781;10;0
27;H;Graduacao;Alugada;Sem investimento;Alto;1924;18;1
30;M;Graduacao;Propria;Pouco;Pouco;2121;12;0
40;M;Pos Graduacao;Propria;Pouco;Pouco;701;12;0
30;M;Graduacao;Propria;Pouco;Moderado;639;12;1
34;M;Ensino Medio;Propria;Pouco;Moderado;1860;12;0
29;H;Graduacao;Propria;Pouco;Pouco;3499;12;1
24;H;Graduacao;Propria;Sem investimento;Alto;8487;48;0
29;M;Graduacao;Propria;Pouco;Pouco;6887;36;1
27;M;Pos Graduacao;Propria;Pouco;Sem conta;2708;15;0
47;M;Graduacao;De favor;Pouco;Sem conta;1984;18;0
21;H;Graduacao;Propria;Moderado;Sem conta;10144;60;0
38;H;Graduacao;Propria;Sem investimento;Sem conta;1240;12;0
27;M;Graduacao;Propria;Alto;Sem conta;8613;27;0
66;M;Pos Graduacao;Propria;Alto;Moderado;766;12;1
35;M;Graduacao;Propria;Sem investimento;Alto;2728;15;0
44;H;Pos Graduacao;Alugada;Pouco;Alto;1881;12;0
27;M;Ensino Medio;Propria;Alto;Alto;709;6;0
30;H;Ensino Medio;Propria;Pouco;Moderado;4795;36;0
27;M;Ensino Medio;Propria;Pouco;Pouco;3416;27;0
22;M;Graduacao;Propria;Pouco;Pouco;2462;18;1
23;H;Graduacao;Propria;Pouco;Sem conta;2288;21;0
30;M;Graduacao;Propria;Moderado;Moderado;3566;48;0
39;H;Graduacao;Propria;Pouco;Pouco;860;6;0
51;H;Graduacao;Propria;Moderado;Sem conta;682;12;0
28;M;Graduacao;Propria;Pouco;Pouco;5371;36;0
46;M;Graduacao;Propria;Alto;Sem conta;1582;18;0
42;M;Graduacao;De favor;Moderado;Sem conta;1346;6;0
38;M;Graduacao;Propria;Pouco;Sem conta;1924;10;0
24;M;Graduacao;Propria;Pouco;Alto;5848;36;0
29;H;Graduacao;Alugada;Alto;Moderado;7758;24;0
36;M;Ensino Medio;Alugada;Moderado;Moderado;6967;24;0
20;H;Graduacao;Alugada;Pouco;Pouco;1282;12;1
48;M;Graduacao;Propria;Moderado;Pouco;1288;9;0
45;M;Pos Graduacao;Propria;Pouco;Pouco;339;12;0
38;M;Graduacao;Propria;Moderado;Moderado;3512;24;0
34;M;Pos Graduacao;Propria;Sem investimento;Sem conta;1898;6;0
36;M;Graduacao;Propria;Moderado;Sem conta;2872;24;0
30;H;Graduacao;Propria;Pouco;Sem conta;1055;18;0
36;M;Graduacao;Propria;Alto;Sem conta;1262;15;0
70;M;Ensino Medio;De favor;Pouco;Moderado;7308;10;0
36;M;Graduacao;Propria;Alto;Sem conta;909;36;0
32;M;Graduacao;Propria;Alto;Sem conta;2978;6;0
33;H;Graduacao;Propria;Pouco;Pouco;1131;18;1
20;H;Graduacao;Propria;Alto;Moderado;1577;11;0
25;H;Graduacao;Alugada;Pouco;Sem conta;3972;24;0
31;M;Graduacao;Propria;Pouco;Moderado;1935;24;1
33;M;Graduacao;Alugada;Pouco;Pouco;950;15;1
26;H;Graduacao;Propria;Pouco;Sem conta;763;12;0
34;H;Ensino Medio;Propria;Pouco;Moderado;2064;24;1
33;M;Graduacao;Propria;Pouco;Moderado;1414;8;0
26;M;Graduacao;Propria;Pouco;Pouco;3414;21;1
53;H;Ensino Medio;Propria;Sem investimento;Sem conta;7485;30;1
42;M;Graduacao;Propria;Pouco;Pouco;2577;12;0
52;M;Graduacao;Propria;Alto;Pouco;338;6;0
31;M;Ensino Medio;Alugada;Pouco;Sem conta;1963;12;0
65;M;Graduacao;Propria;Pouco;Pouco;571;21;0
28;M;Graduacao;Propria;Pouco;Sem conta;9572;36;1
30;M;Ensino Medio;Propria;Pouco;Moderado;4455;36;1
40;M;Pos Graduacao;Propria;Sem investimento;Pouco;1647;21;1
50;M;Graduacao;Propria;Alto;Sem conta;3777;24;0
36;M;Graduacao;Propria;Pouco;Moderado;884;18;1
31;M;Graduacao;Propria;Pouco;Sem conta;1360;15;0
74;H;Ensino Medio;De favor;Pouco;Moderado;5129;9;1
68;M;Ensino Medio;De favor;Pouco;Moderado;1175;16;0
20;M;Graduacao;Propria;Moderado;Pouco;674;12;1
33;H;Graduacao;Propria;Pouco;Moderado;3244;18;0
54;M;Ensino Medio;Propria;Alto;Sem conta;4591;24;1
34;M;Pos Graduacao;De favor;Moderado;Moderado;3844;48;1
36;M;Graduacao;Propria;Pouco;Moderado;3915;27;1
29;M;Graduacao;Alugada;Pouco;Sem conta;2108;6;0
21;M;Graduacao;Alugada;Moderado;Moderado;3031;45;1
34;H;Ensino Medio;Propria;Pouco;Moderado;1501;9;1
28;H;Graduacao;Propria;Pouco;Sem conta;1382;6;0
27;H;Graduacao;Alugada;Moderado;Moderado;951;12;1
36;M;Graduacao;De favor;Sem investimento;Alto;2760;24;0
40;M;Ensino Medio;Propria;Pouco;Moderado;4297;18;1
52;M;Graduacao;Propria;Alto;Sem conta;936;9;0
27;M;Pos Graduacao;Propria;Pouco;Pouco;1168;12;0
26;M;Graduacao;Propria;Pouco;Sem conta;5117;27;0
21;M;Graduacao;Alugada;Pouco;Pouco;902;12;1
38;M;Pos Graduacao;Propria;Pouco;Sem conta;1495;12;0
38;M;Ensino Medio;De favor;Pouco;Pouco;10623;30;0
43;M;Graduacao;Propria;Pouco;Sem conta;1935;12;0
26;M;Graduacao;Propria;Pouco;Moderado;1424;12;0
21;M;Pos Graduacao;Propria;Pouco;Pouco;6568;24;0
55;M;Graduacao;Propria;Alto;Sem conta;1413;12;0
33;M;Graduacao;Propria;Sem investimento;Sem conta;3074;9;0
45;H;Pos Graduacao;Propria;Sem investimento;Sem conta;3835;36;0
50;M;Graduacao;Propria;Pouco;Pouco;5293;27;1
66;M;Ensino Medio;Propria;Pouco;Alto;1908;30;1
51;M;Graduacao;Propria;Sem investimento;Sem conta;3342;36;0
39;H;Pos Graduacao;Propria;Sem investimento;Alto;932;6;0
31;M;Graduacao;Propria;Pouco;Pouco;3104;18;0
23;M;Graduacao;Propria;Pouco;Alto;3913;36;0
24;M;Pos Graduacao;Alugada;Pouco;Pouco;3021;24;0
64;H;Graduacao;Propria;Pouco;Sem conta;1364;10;0
26;M;Pos Graduacao;Propria;Pouco;Moderado;625;12;0
23;H;Graduacao;Alugada;Sem investimento;Pouco;1200;12;0
30;M;Graduacao;Propria;Pouco;Sem conta;707;12;0
32;M;Graduacao;Propria;Sem investimento;Sem conta;2978;24;0
30;M;Graduacao;Propria;Pouco;Sem conta;4657;15;0
27;M;Graduacao;Propria;Pouco;Sem conta;2613;36;0
27;M;Graduacao;Propria;Alto;Moderado;10961;48;1
53;M;Ensino Medio;De favor;Pouco;Pouco;7865;12;1
22;M;Graduacao;Propria;Pouco;Sem conta;1478;9;1
22;M;Graduacao;De favor;Pouco;Pouco;3149;24;0
26;M;Graduacao;Propria;Pouco;Alto;4210;36;1
51;M;Pos Graduacao;De favor;Alto;Sem conta;2507;9;0
35;M;Graduacao;Propria;Moderado;Sem conta;2141;12;0
25;M;Pos Graduacao;Propria;Pouco;Moderado;866;18;0
42;M;Pos Graduacao;Propria;Pouco;Sem conta;1544;4;0
30;M;Ensino Medio;Propria;Pouco;Pouco;1823;24;1
23;M;Ensino Medio;Propria;Sem investimento;Alto;14555;6;1
61;M;Pos Graduacao;Alugada;Moderado;Moderado;2767;21;1
35;H;Graduacao;Propria;Pouco;Sem conta;1291;12;0
39;M;Graduacao;Propria;Pouco;Pouco;2522;30;0
29;H;Graduacao;Propria;Sem investimento;Pouco;915;24;1
51;M;Graduacao;Propria;Pouco;Sem conta;1595;6;0
24;M;Graduacao;De favor;Pouco;Pouco;4605;48;1
27;H;Graduacao;Propria;Pouco;Sem conta;1185;12;0
35;H;Pos Graduacao;Propria;Alto;Sem conta;3447;12;0
25;M;Graduacao;Propria;Pouco;Sem conta;1258;24;0
52;M;Graduacao;Propria;Pouco;Sem conta;717;12;0
35;M;Graduacao;Alugada;Moderado;Sem conta;1204;6;0
26;M;Graduacao;Propria;Pouco;Alto;1925;24;0
22;H;Graduacao;Alugada;Pouco;Sem conta;433;18;1
39;H;Pos Graduacao;Propria;Alto;Pouco;666;6;0
46;H;Pos Graduacao;Propria;Pouco;Alto;2251;12;0
24;H;Graduacao;Propria;Pouco;Moderado;2150;30;1
35;M;Graduacao;Propria;Moderado;Sem conta;4151;24;0
24;M;Graduacao;Propria;Sem investimento;Alto;2030;9;0
27;M;Pos Graduacao;Propria;Sem investimento;Alto;7418;60;0
35;M;Pos Graduacao;Propria;Pouco;Sem conta;2684;24;0
29;M;Graduacao;De favor;Pouco;Pouco;2149;12;1
23;H;Graduacao;Propria;Moderado;Sem conta;3812;15;0
57;H;Pos Graduacao;Propria;Moderado;Sem conta;1154;11;0
27;M;Graduacao;Propria;Pouco;Pouco;1657;12;0
55;H;Graduacao;Propria;Pouco;Pouco;1603;24;0
36;M;Ensino Medio;De favor;Pouco;Pouco;5302;18;0
57;H;Pos Graduacao;De favor;Pouco;Sem conta;2748;12;0
32;M;Pos Graduacao;Propria;Pouco;Sem conta;1231;10;0
37;M;Graduacao;Propria;Pouco;Moderado;802;15;1
36;M;Graduacao;Propria;Sem investimento;Sem conta;6304;36;0
38;H;Graduacao;Propria;Pouco;Sem conta;1533;24;0
45;M;Ensino Medio;Propria;Pouco;Pouco;8978;14;1
25;M;Graduacao;Propria;Sem investimento;Sem conta;999;24;0
32;M;Graduacao;Propria;Sem investimento;Sem conta;2662;18;0
37;H;Graduacao;Alugada;Alto;Sem conta;1402;12;0
36;M;Ensino Medio;De favor;Sem investimento;Alto;12169;48;0
28;M;Graduacao;Propria;Pouco;Moderado;3060;48;1
34;M;Pos Graduacao;Propria;Pouco;Pouco;11998;30;1
32;M;Graduacao;Propria;Pouco;Sem conta;2697;9;0
26;H;Graduacao;Propria;Pouco;Sem conta;2404;18;0
49;M;Pos Graduacao;Propria;Sem investimento;Pouco;1262;12;0
32;H;Graduacao;Propria;Pouco;Sem conta;4611;6;1
29;M;Ensino Medio;Alugada;Moderado;Sem conta;1901;24;0
23;M;Graduacao;Alugada;Alto;Sem conta;3368;15;0
50;M;Graduacao;Propria;Pouco;Sem conta;1574;12;0
49;M;Pos Graduacao;Propria;Sem investimento;Alto;1445;18;0
63;M;Graduacao;Propria;Sem investimento;Sem conta;1520;15;0
37;M;Graduacao;Propria;Moderado;Moderado;3878;24;0
35;H;Pos Graduacao;Propria;Pouco;Pouco;10722;47;0
26;M;Graduacao;Propria;Pouco;Pouco;4788;48;0
31;M;Ensino Medio;De favor;Moderado;Moderado;7582;48;0
49;H;Graduacao;Propria;Pouco;Moderado;1092;12;0
48;M;Graduacao;Propria;Pouco;Pouco;1024;24;1
26;M;Graduacao;Propria;Pouco;Sem conta;1076;12;0
28;M;Ensino Medio;Alugada;Pouco;Moderado;9398;36;1
44;H;Ensino Medio;De favor;Pouco;Pouco;6419;24;0
56;M;Graduacao;De favor;Pouco;Alto;4796;42;0
46;M;Ensino Medio;Propria;Sem investimento;Sem conta;7629;48;0
26;H;Graduacao;Propria;Pouco;Moderado;9960;48;1
20;H;Graduacao;Alugada;Sem investimento;Sem conta;4675;12;0
45;M;Pos Graduacao;Propria;Sem investimento;Sem conta;1287;10;0
43;M;Graduacao;Propria;Pouco;Sem conta;2515;18;0
32;M;Graduacao;Propria;Alto;Moderado;2745;21;0
54;H;Ensino Medio;Propria;Pouco;Sem conta;672;6;0
42;H;Graduacao;Propria;Pouco;Moderado;3804;36;1
37;M;Pos Graduacao;Propria;Sem investimento;Alto;1344;24;1
49;M;Graduacao;Propria;Pouco;Pouco;1038;10;0
44;M;Graduacao;De favor;Alto;Sem conta;10127;48;1
33;M;Graduacao;Propria;Alto;Sem conta;1543;6;0
24;H;Pos Graduacao;Alugada;Sem investimento;Sem conta;4811;30;0
33;M;Pos Graduacao;Propria;Moderado;Pouco;727;12;1
24;H;Graduacao;Propria;Pouco;Moderado;1237;8;1
22;M;Pos Graduacao;Alugada;Pouco;Moderado;276;9;0
40;M;Ensino Medio;De favor;Sem investimento;Alto;5381;48;0
25;M;Graduacao;Propria;Moderado;Sem conta;5511;24;0
26;H;Graduacao;Propria;Pouco;Alto;3749;24;0
25;M;Pos Graduacao;Propria;Pouco;Moderado;685;12;1
29;M;Pos Graduacao;Propria;Sem investimento;Alto;1494;4;0
31;M;Graduacao;Propria;Pouco;Pouco;2746;36;1
38;M;Pos Graduacao;Propria;Pouco;Pouco;708;12;0
48;H;Pos Graduacao;Propria;Sem investimento;Alto;4351;24;0
32;M;Graduacao;Propria;Pouco;Sem conta;701;12;0
27;H;Pos Graduacao;Propria;Pouco;Pouco;3643;15;0
28;M;Ensino Medio;Propria;Pouco;Moderado;4249;30;1
32;M;Graduacao;Propria;Pouco;Pouco;1938;24;1
34;M;Ensino Medio;De favor;Pouco;Pouco;2910;24;0
28;M;Graduacao;Propria;Alto;Pouco;2659;18;0
36;H;Graduacao;Propria;Pouco;Sem conta;1028;18;0
39;M;Pos Graduacao;Propria;Pouco;Pouco;3398;8;0
49;M;Graduacao;Alugada;Sem investimento;Sem conta;5801;12;0
34;H;Graduacao;Propria;Alto;Sem conta;1525;24;0
31;M;Graduacao;Propria;Pouco;Alto;4473;36;0
28;M;Graduacao;Propria;Pouco;Moderado;1068;6;0
75;M;Ensino Medio;De favor;Pouco;Pouco;6615;24;0
30;H;Graduacao;Propria;Moderado;Sem conta;1864;18;1
24;H;Ensino Medio;Propria;Moderado;Moderado;7408;60;1
24;H;Pos Graduacao;Alugada;Moderado;Sem conta;11590;48;1
23;M;Graduacao;Alugada;Pouco;Pouco;4110;24;1
44;M;Ensino Medio;Alugada;Pouco;Pouco;3384;6;1
23;H;Pos Graduacao;Propria;Pouco;Moderado;2101;13;0
24;H;Graduacao;Alugada;Sem investimento;Pouco;1275;15;1
28;M;Graduacao;Propria;Pouco;Pouco;4169;24;0
31;M;Pos Graduacao;Propria;Pouco;Moderado;1521;10;0
24;H;Graduacao;De favor;Pouco;Moderado;5743;24;0
26;H;Pos Graduacao;Alugada;Pouco;Pouco;3599;21;0
25;M;Graduacao;Alugada;Alto;Moderado;3213;18;0
33;M;Ensino Medio;Propria;Pouco;Moderado;4439;18;0
37;M;Pos Graduacao;Propria;Pouco;Alto;3949;10;0
43;H;Pos Graduacao;Propria;Pouco;Sem conta;1459;15;0
23;M;Graduacao;Propria;Pouco;Moderado;882;13;0
23;H;Ensino Medio;Alugada;Alto;Moderado;3758;24;0
34;M;Pos Graduacao;Propria;Moderado;Sem conta;1743;6;0
32;M;Graduacao;De favor;Alto;Moderado;1136;9;1
23;H;Graduacao;Alugada;Pouco;Sem conta;1236;9;0
29;H;Graduacao;Propria;Pouco;Moderado;959;9;1
38;M;Ensino Medio;Propria;Sem investimento;Sem conta;3229;18;0
28;M;Graduacao;Alugada;Pouco;Pouco;6199;12;1
46;M;Graduacao;De favor;Alto;Sem conta;727;10;0
23;M;Pos Graduacao;Propria;Pouco;Moderado;1246;24;1
49;M;Graduacao;Propria;Sem investimento;Sem conta;2331;12;0
26;M;Ensino Medio;Propria;Pouco;Sem conta;4463;36;1
28;M;Graduacao;Propria;Pouco;Sem conta;776;12;0
23;H;Graduacao;Alugada;Pouco;Pouco;2406;30;1
61;M;Graduacao;De favor;Sem investimento;Alto;1239;18;0
37;M;Ensino Medio;Propria;Sem investimento;Alto;3399;12;0
36;H;Graduacao;Propria;Pouco;Alto;2247;12;0
21;M;Graduacao;Alugada;Pouco;Sem conta;1766;6;0
25;M;Ensino Medio;Propria;Pouco;Pouco;2473;18;1
36;M;Graduacao;Propria;Pouco;Sem conta;1542;12;0
27;M;Graduacao;Propria;Pouco;Sem conta;3850;18;0
22;H;Graduacao;Alugada;Pouco;Pouco;3650;18;0
42;M;Graduacao;Propria;Pouco;Pouco;3446;36;1
40;H;Graduacao;Alugada;Pouco;Moderado;3001;18;0
36;M;Graduacao;Propria;Sem investimento;Sem conta;3079;36;0
33;M;Graduacao;Propria;Pouco;Sem conta;6070;18;0
23;H;Graduacao;Alugada;Pouco;Sem conta;2146;10;0
63;M;Ensino Medio;De favor;Sem investimento;Sem conta;13756;60;0
60;H;Ensino Medio;De favor;Moderado;Moderado;14782;60;1
37;H;Graduacao;Alugada;Pouco;Pouco;7685;48;1
34;M;Graduacao;Propria;Pouco;Sem conta;2320;18;0
36;M;Graduacao;De favor;Sem investimento;Sem conta;846;7;0
57;M;Ensino Medio;De favor;Pouco;Moderado;14318;36;1
52;H;Pos Graduacao;Propria;Moderado;Sem conta;362;6;0
39;M;Graduacao;Propria;Sem investimento;Pouco;2212;20;0
38;H;Ensino Medio;De favor;Pouco;Moderado;12976;18;1
25;H;Graduacao;Alugada;Sem investimento;Sem conta;1283;22;0
26;M;Graduacao;Propria;Pouco;Alto;1330;12;0
26;M;Pos Graduacao;Propria;Moderado;Sem conta;4272;30;0
25;H;Graduacao;Propria;Pouco;Sem conta;2238;18;0
21;H;Graduacao;Alugada;Sem investimento;Sem conta;1126;18;0
40;M;Ensino Medio;Propria;Pouco;Moderado;7374;18;0
27;M;Graduacao;Propria;Alto;Moderado;2326;15;0
27;H;Graduacao;Propria;Pouco;Sem conta;1449;9;0
30;M;Ensino Medio;Propria;Pouco;Sem conta;1820;18;0
19;H;Pos Graduacao;Alugada;Alto;Moderado;983;12;0
39;M;Ensino Medio;De favor;Pouco;Pouco;3249;36;0
31;H;Graduacao;Propria;Pouco;Pouco;1957;6;0
31;M;Ensino Medio;Propria;Pouco;Sem conta;2406;9;0
32;M;Graduacao;Alugada;Moderado;Moderado;11760;39;0
55;H;Ensino Medio;De favor;Pouco;Pouco;2578;12;0
46;M;Graduacao;Propria;Pouco;Pouco;2348;36;0
46;M;Graduacao;Alugada;Pouco;Moderado;1223;12;1
43;H;Pos Graduacao;Propria;Alto;Sem conta;1516;24;0
39;M;Graduacao;Propria;Pouco;Sem conta;1473;18;0
28;M;Graduacao;Propria;Sem investimento;Alto;1887;18;0
27;M;Graduacao;Propria;Pouco;Sem conta;8648;24;1
27;M;Pos Graduacao;Propria;Pouco;Sem conta;802;14;0
43;M;Graduacao;Propria;Sem investimento;Alto;2899;18;0
22;M;Graduacao;Propria;Pouco;Moderado;2039;24;1
43;M;Graduacao;Propria;Sem investimento;Sem conta;2197;24;0
27;M;Graduacao;Propria;Pouco;Pouco;1053;15;0
26;M;Ensino Medio;Propria;Alto;Sem conta;3235;24;0
28;M;Graduacao;Propria;Alto;Alto;939;12;1
20;H;Graduacao;Propria;Pouco;Moderado;1967;24;0
35;M;Ensino Medio;Propria;Pouco;Sem conta;7253;33;0
42;M;Ensino Medio;Propria;Pouco;Sem conta;2292;12;1
40;M;Pos Graduacao;Alugada;Alto;Sem conta;1597;10;0
35;H;Graduacao;Propria;Sem investimento;Pouco;1381;24;1
35;M;Graduacao;Propria;Pouco;Sem conta;5842;36;0
33;M;Pos Graduacao;Propria;Pouco;Pouco;2579;12;1
23;H;Graduacao;Alugada;Sem investimento;Pouco;8471;18;0
31;H;Ensino Medio;Propria;Alto;Sem conta;2782;21;0
33;H;Graduacao;Propria;Sem investimento;Alto;1042;18;1
20;H;Graduacao;Alugada;Alto;Sem conta;3186;15;0
30;M;Graduacao;Propria;Sem investimento;Alto;2028;12;0
47;M;Pos Graduacao;Propria;Pouco;Moderado;958;12;0
34;M;Ensino Medio;Propria;Moderado;Sem conta;1591;21;0
25;H;Graduacao;Propria;Sem investimento;Alto;2762;12;1
21;M;Graduacao;Alugada;Pouco;Moderado;2779;18;0
29;M;Graduacao;Propria;Pouco;Sem conta;2743;28;0
46;M;Graduacao;Propria;Alto;Sem conta;1149;18;0
20;M;Graduacao;Propria;Pouco;Sem conta;1313;9;0
55;H;Ensino Medio;De favor;Pouco;Pouco;1190;18;1
74;M;Pos Graduacao;Propria;Pouco;Sem conta;3448;5;0
29;M;Ensino Medio;Propria;Pouco;Moderado;11328;24;1
36;M;Ensino Medio;De favor;Pouco;Pouco;1872;6;0
33;M;Graduacao;Propria;Pouco;Sem conta;2058;24;0
25;M;Graduacao;Propria;Pouco;Pouco;2136;9;0
25;M;Graduacao;Propria;Sem investimento;Alto;1484;12;1
23;M;Pos Graduacao;Alugada;Alto;Sem conta;660;6;0
37;H;Graduacao;Propria;Alto;Sem conta;1287;24;0
65;M;Ensino Medio;Propria;Pouco;Pouco;3394;42;0
26;H;Ensino Medio;Propria;Pouco;Alto;609;12;1
39;M;Ensino Medio;Propria;Pouco;Sem conta;1884;12;0
30;H;Graduacao;Propria;Pouco;Pouco;1620;12;0
29;M;Graduacao;Propria;Pouco;Moderado;2629;20;0
41;M;Pos Graduacao;Propria;Pouco;Sem conta;719;12;1
30;H;Ensino Medio;Propria;Pouco;Moderado;5096;48;1
41;H;Pos Graduacao;Alugada;Sem investimento;Sem conta;1244;9;0
34;H;Graduacao;Propria;Pouco;Pouco;1842;36;1
35;M;Graduacao;Propria;Pouco;Moderado;2576;7;0
55;H;Ensino Medio;Propria;Sem investimento;Alto;1424;12;0
61;M;Graduacao;Propria;Alto;Moderado;1512;15;1
30;M;Ensino Medio;Propria;Sem investimento;Sem conta;11054;36;0
29;H;Graduacao;Propria;Pouco;Sem conta;518;6;0
34;M;Graduacao;Propria;Pouco;Sem conta;2759;12;0
35;M;Ensino Medio;Propria;Pouco;Sem conta;2670;24;0
31;M;Graduacao;Propria;Pouco;Pouco;4817;24;1
29;H;Ensino Medio;Propria;Pouco;Sem conta;2679;24;0
36;M;Graduacao;Alugada;Pouco;Pouco;3905;11;0
35;M;Graduacao;De favor;Pouco;Pouco;3386;12;1
27;H;Graduacao;Propria;Pouco;Pouco;343;6;0
32;M;Graduacao;Propria;Pouco;Sem conta;4594;18;0
37;M;Graduacao;Propria;Pouco;Pouco;3620;36;0
36;M;Graduacao;Propria;Pouco;Pouco;1721;15;0
34;H;Ensino Medio;Alugada;Pouco;Moderado;3017;12;0
38;M;Graduacao;Propria;Sem investimento;Alto;754;12;0
34;M;Graduacao;Propria;Pouco;Sem conta;1950;18;0
63;M;Graduacao;Propria;Pouco;Pouco;2924;24;0
29;H;Pos Graduacao;Alugada;Pouco;Pouco;1659;24;1
32;M;Graduacao;Propria;Sem investimento;Sem conta;7238;48;0
26;H;Graduacao;Propria;Pouco;Sem conta;2764;33;0
35;M;Pos Graduacao;Propria;Pouco;Sem conta;4679;24;0
22;M;Graduacao;Alugada;Moderado;Moderado;3092;24;1
23;H;Graduacao;Propria;Pouco;Pouco;448;6;1
28;M;Pos Graduacao;Propria;Pouco;Pouco;654;9;1
36;M;Ensino Medio;Propria;Sem investimento;Sem conta;1238;6;0
33;M;Graduacao;Propria;Pouco;Moderado;1245;18;1
26;H;Graduacao;Alugada;Pouco;Pouco;3114;18;1
24;M;Graduacao;Propria;Alto;Sem conta;2569;39;0
25;M;Graduacao;Propria;Pouco;Alto;5152;24;0
39;M;Pos Graduacao;Propria;Moderado;Moderado;1037;12;0
44;M;Graduacao;Propria;Pouco;Pouco;1478;15;0
23;H;Pos Graduacao;Propria;Pouco;Moderado;3573;12;0
26;M;Graduacao;Propria;Pouco;Moderado;1201;24;0
57;H;Graduacao;Alugada;Alto;Pouco;3622;30;0
30;H;Graduacao;Propria;Alto;Sem conta;960;15;0
44;M;Graduacao;Propria;Alto;Sem conta;1163;12;0
47;M;Ensino Medio;Propria;Pouco;Moderado;1209;6;1
52;M;Graduacao;Propria;Pouco;Sem conta;3077;12;0
62;H;Graduacao;De favor;Pouco;Sem conta;3757;24;0
35;M;Pos Graduacao;Alugada;Moderado;Sem conta;1418;10;0
26;M;Graduacao;Alugada;Pouco;Sem conta;3518;6;0
26;M;Graduacao;Propria;Pouco;Sem conta;1934;12;0
42;H;Ensino Medio;De favor;Pouco;Moderado;8318;27;1
27;H;Graduacao;Propria;Moderado;Sem conta;1237;6;0
38;M;Graduacao;Propria;Sem investimento;Alto;368;6;0
39;M;Pos Graduacao;Alugada;Pouco;Pouco;2122;12;0
20;M;Graduacao;Propria;Sem investimento;Pouco;2996;24;1
29;M;Ensino Medio;Alugada;Moderado;Moderado;9034;36;1
40;M;Graduacao;Propria;Pouco;Sem conta;1585;24;0
32;M;Pos Graduacao;Propria;Pouco;Moderado;1301;18;0
28;M;Graduacao;Propria;Moderado;Alto;1323;6;0
27;H;Graduacao;Propria;Pouco;Pouco;3123;24;1
42;M;Graduacao;De favor;Pouco;Pouco;5493;36;0
49;M;Graduacao;Propria;Moderado;Alto;1126;9;0
38;M;Graduacao;Propria;Moderado;Moderado;1216;24;1
24;H;Graduacao;Alugada;Pouco;Pouco;1207;24;1
27;M;Pos Graduacao;Propria;Sem investimento;Sem conta;1309;10;1
36;M;Graduacao;Propria;Alto;Alto;2360;15;0
34;M;Ensino Medio;Propria;Moderado;Moderado;6850;15;1
28;M;Graduacao;Propria;Pouco;Sem conta;1413;24;0
45;M;Ensino Medio;Propria;Moderado;Sem conta;8588;39;0
26;M;Graduacao;Propria;Pouco;Pouco;759;12;1
32;M;Ensino Medio;De favor;Pouco;Sem conta;4686;36;0
26;M;Graduacao;Alugada;Pouco;Alto;2687;15;0
20;M;Graduacao;Alugada;Pouco;Moderado;585;12;0
54;M;Graduacao;Propria;Sem investimento;Sem conta;2255;24;0
37;H;Graduacao;Propria;Pouco;Pouco;609;6;0
40;M;Pos Graduacao;Propria;Pouco;Pouco;1361;6;0
23;H;Graduacao;Alugada;Pouco;Sem conta;7127;36;1
43;M;Graduacao;Propria;Moderado;Pouco;1203;6;0
36;M;Graduacao;De favor;Sem investimento;Sem conta;700;6;0
44;M;Graduacao;De favor;Pouco;Sem conta;5507;24;0
24;H;Graduacao;Propria;Pouco;Pouco;3190;18;1
53;M;Graduacao;De favor;Pouco;Pouco;7119;48;1
23;H;Graduacao;Propria;Moderado;Sem conta;3488;24;0
26;H;Pos Graduacao;Propria;Pouco;Moderado;1113;18;0
30;M;Graduacao;Propria;Pouco;Moderado;7966;26;0
31;H;Graduacao;Propria;Moderado;Sem conta;1532;15;0
42;M;Pos Graduacao;Propria;Pouco;Sem conta;1503;4;0
31;M;Graduacao;Alugada;Pouco;Pouco;2302;36;1
41;M;Pos Graduacao;Propria;Pouco;Pouco;662;6;0
32;M;Graduacao;Propria;Pouco;Moderado;2273;36;0
28;H;Graduacao;Alugada;Moderado;Moderado;2631;15;1
41;M;Graduacao;Alugada;Pouco;Sem conta;1503;12;0
26;M;Graduacao;Propria;Moderado;Sem conta;1311;24;0
25;M;Graduacao;Propria;Sem investimento;Sem conta;3105;24;0
33;M;Graduacao;Alugada;Pouco;Alto;2319;21;1
75;H;Ensino Medio;Propria;Sem investimento;Pouco;1374;6;0
37;H;Graduacao;Propria;Pouco;Moderado;3612;18;0
42;M;Ensino Medio;De favor;Pouco;Pouco;7763;48;1
45;H;Pos Graduacao;Propria;Pouco;Alto;3049;18;0
23;M;Graduacao;Alugada;Pouco;Moderado;1534;12;1
60;M;Graduacao;De favor;Pouco;Sem conta;2032;24;0
31;M;Graduacao;Propria;Sem investimento;Pouco;6350;30;1
34;M;Pos Graduacao;Propria;Pouco;Alto;2864;18;1
61;M;Pos Graduacao;Propria;Pouco;Sem conta;1255;12;0
43;M;Graduacao;De favor;Pouco;Pouco;1333;24;1
37;H;Graduacao;Propria;Pouco;Sem conta;2022;24;0
32;M;Graduacao;Propria;Pouco;Sem conta;1552;24;0
24;H;Pos Graduacao;Propria;Pouco;Pouco;626;12;1
35;M;Graduacao;De favor;Sem investimento;Sem conta;8858;48;0
23;H;Graduacao;Propria;Sem investimento;Sem conta;996;12;0
45;M;Pos Graduacao;Propria;Alto;Sem conta;1750;6;0
34;M;Graduacao;Propria;Pouco;Pouco;6999;48;1
27;M;Graduacao;Propria;Moderado;Moderado;1995;12;0
67;H;Ensino Medio;Propria;Pouco;Moderado;1199;9;0
22;M;Graduacao;Propria;Pouco;Moderado;1331;12;1
28;H;Graduacao;Propria;Moderado;Moderado;2278;18;1
29;H;Graduacao;Propria;Sem investimento;Sem conta;5003;21;1
27;M;Graduacao;Propria;Pouco;Pouco;3552;24;1
31;M;Pos Graduacao;Propria;Pouco;Moderado;1928;18;1
49;M;Graduacao;De favor;Sem investimento;Pouco;2964;24;0
24;M;Pos Graduacao;Alugada;Pouco;Pouco;1546;24;1
29;H;Graduacao;Propria;Pouco;Alto;683;6;0
37;M;Graduacao;De favor;Sem investimento;Alto;12389;36;1
37;M;Ensino Medio;Propria;Sem investimento;Alto;4712;24;0
23;H;Graduacao;Alugada;Moderado;Moderado;1553;24;0
36;M;Graduacao;Propria;Pouco;Pouco;1372;12;1
34;M;Graduacao;Propria;Alto;Sem conta;2578;24;0
41;M;Graduacao;Propria;Sem investimento;Alto;3979;48;0
31;H;Graduacao;Propria;Pouco;Pouco;6758;48;1
23;H;Pos Graduacao;Alugada;Pouco;Pouco;3234;24;1
38;M;Graduacao;Propria;Pouco;Sem conta;5954;30;0
26;H;Ensino Medio;Alugada;Sem investimento;Sem conta;5433;24;0
22;H;Pos Graduacao;Propria;Pouco;Pouco;806;15;0
27;M;Pos Graduacao;Propria;Pouco;Moderado;1082;9;0
24;H;Graduacao;Propria;Pouco;Sem conta;2788;15;0
27;H;Graduacao;Propria;Pouco;Moderado;2930;12;0
33;H;Graduacao;Propria;Sem investimento;Sem conta;1927;24;0
27;M;Graduacao;Propria;Pouco;Moderado;2820;36;1
27;M;Pos Graduacao;Propria;Pouco;Sem conta;937;24;0
30;M;Graduacao;Propria;Pouco;Moderado;1056;18;1
49;M;Pos Graduacao;Propria;Pouco;Moderado;3124;12;0
26;H;Graduacao;Alugada;Pouco;Sem conta;1388;9;0
33;M;Pos Graduacao;Alugada;Pouco;Moderado;2384;36;1
52;H;Ensino Medio;De favor;Sem investimento;Sem conta;2133;12;0
20;H;Graduacao;Alugada;Pouco;Pouco;2039;18;1
36;M;Graduacao;Alugada;Pouco;Pouco;2799;9;0
21;M;Pos Graduacao;Propria;Pouco;Pouco;1289;12;0
47;M;Pos Graduacao;Propria;Pouco;Pouco;1217;18;1
60;M;Graduacao;Propria;Pouco;Pouco;2246;12;1
58;H;Pos Graduacao;Propria;Pouco;Pouco;385;12;0
42;H;Graduacao;Alugada;Sem investimento;Alto;1965;24;0
36;H;Pos Graduacao;Propria;Alto;Sem conta;1572;21;0
20;H;Pos Graduacao;Alugada;Pouco;Moderado;2718;24;1
40;M;Ensino Medio;Propria;Sem investimento;Pouco;1358;24;1
32;H;Pos Graduacao;Propria;Moderado;Moderado;931;6;1
23;H;Graduacao;Alugada;Pouco;Pouco;1442;24;1
36;M;Pos Graduacao;Propria;Pouco;Moderado;4241;24;1
31;M;Graduacao;Propria;Pouco;Sem conta;2775;18;1
32;M;Graduacao;De favor;Pouco;Sem conta;3863;24;0
45;H;Graduacao;Propria;Pouco;Moderado;2329;7;0
30;H;Graduacao;Propria;Pouco;Moderado;918;9;1
34;H;Pos Graduacao;De favor;Pouco;Moderado;1837;24;1
28;H;Ensino Medio;Propria;Pouco;Sem conta;3349;36;1
23;H;Graduacao;Propria;Pouco;Alto;1275;10;0
22;M;Graduacao;Propria;Alto;Pouco;2828;24;0
74;M;Ensino Medio;Propria;Pouco;Sem conta;4526;24;0
50;H;Graduacao;De favor;Moderado;Moderado;2671;36;1
33;M;Graduacao;Propria;Pouco;Sem conta;2051;18;0
45;M;Graduacao;De favor;Sem investimento;Sem conta;1300;15;0
22;H;Graduacao;Propria;Moderado;Pouco;741;12;1
48;H;Pos Graduacao;De favor;Moderado;Alto;1240;10;1
29;H;Graduacao;Propria;Alto;Pouco;3357;21;0
22;H;Graduacao;Alugada;Pouco;Pouco;3632;24;0
22;H;Graduacao;Propria;Pouco;Sem conta;1808;18;1
48;M;Ensino Medio;Propria;Sem investimento;Alto;12204;48;0
27;M;Ensino Medio;De favor;Sem investimento;Alto;9157;60;0
37;M;Graduacao;Alugada;Pouco;Pouco;3676;6;0
21;H;Graduacao;Alugada;Moderado;Moderado;3441;30;1
49;M;Pos Graduacao;Propria;Pouco;Sem conta;640;12;0
27;M;Graduacao;Propria;Pouco;Moderado;3652;21;0
32;M;Graduacao;Propria;Pouco;Sem conta;1530;18;1
38;M;Graduacao;Propria;Sem investimento;Sem conta;3914;48;1
22;H;Graduacao;Alugada;Pouco;Pouco;1858;12;0
65;M;Graduacao;De favor;Pouco;Pouco;2600;18;1
35;M;Graduacao;Propria;Sem investimento;Sem conta;1979;15;0
41;M;Graduacao;Propria;Pouco;Alto;2116;6;0
29;M;Graduacao;Propria;Moderado;Moderado;1437;9;1
36;M;Graduacao;Propria;Alto;Sem conta;4042;42;0
64;M;Pos Graduacao;Propria;Sem investimento;Sem conta;3832;9;0
28;H;Graduacao;Propria;Pouco;Pouco;3660;24;0
44;M;Graduacao;Propria;Pouco;Pouco;1553;18;1
23;M;Graduacao;Propria;Sem investimento;Alto;1444;15;0
19;H;Graduacao;Alugada;Pouco;Sem conta;1980;9;1
25;H;Pos Graduacao;Propria;Pouco;Moderado;1355;24;1
47;M;Graduacao;Propria;Pouco;Sem conta;1393;12;0
28;H;Graduacao;Propria;Alto;Sem conta;1376;24;0
21;M;Graduacao;Propria;Pouco;Sem conta;15653;60;0
34;H;Graduacao;Propria;Pouco;Sem conta;1493;12;0
26;M;Graduacao;Propria;Pouco;Pouco;4370;42;1
27;H;Ensino Medio;Propria;Pouco;Pouco;750;18;1
38;M;Pos Graduacao;Propria;Pouco;Moderado;1308;15;0
40;M;Ensino Medio;Propria;Moderado;Sem conta;4623;15;1
33;M;Graduacao;Propria;Pouco;Sem conta;1851;24;0
32;M;Ensino Medio;Propria;Pouco;Pouco;1880;18;0
27;M;Graduacao;Alugada;Sem investimento;Sem conta;7980;36;1
32;M;Graduacao;Propria;Pouco;Pouco;4583;30;0
26;H;Graduacao;Propria;Alto;Sem conta;1386;12;1
38;M;Graduacao;De favor;Pouco;Alto;947;24;1
40;M;Pos Graduacao;Alugada;Pouco;Pouco;684;12;1
50;M;Ensino Medio;De favor;Pouco;Pouco;7476;48;0
37;M;Pos Graduacao;Propria;Pouco;Moderado;1922;12;1
45;M;Graduacao;Propria;Pouco;Pouco;2303;24;1
42;M;Ensino Medio;Propria;Moderado;Moderado;8086;36;1
35;M;Graduacao;Propria;Pouco;Sem conta;2346;24;0
22;M;Graduacao;De favor;Pouco;Pouco;3973;14;0
41;M;Pos Graduacao;Propria;Pouco;Moderado;888;12;1
37;M;Graduacao;Propria;Sem investimento;Sem conta;10222;48;0
28;H;Graduacao;Propria;Pouco;Moderado;4221;30;0
41;M;Graduacao;Propria;Pouco;Moderado;6361;18;0
23;M;Graduacao;Alugada;Pouco;Alto;1297;12;0
23;M;Graduacao;Propria;Sem investimento;Pouco;900;12;1
50;M;Graduacao;Propria;Pouco;Sem conta;2241;21;0
35;M;Ensino Medio;Propria;Pouco;Moderado;1050;6;0
50;H;Pos Graduacao;Propria;Pouco;Alto;1047;6;0
27;M;Ensino Medio;Propria;Pouco;Sem conta;6314;24;0
34;M;Graduacao;Propria;Alto;Moderado;3496;30;0
27;H;Graduacao;Propria;Pouco;Sem conta;3609;48;0
43;M;Graduacao;Alugada;Pouco;Pouco;4843;12;1
47;M;Graduacao;Propria;Pouco;Alto;3017;30;0
27;M;Pos Graduacao;Propria;Moderado;Sem conta;4139;24;0
31;M;Graduacao;Propria;Moderado;Sem conta;5742;36;0
42;M;Ensino Medio;Propria;Pouco;Sem conta;10366;60;0
24;M;Graduacao;Propria;Alto;Sem conta;2080;6;0
41;M;Pos Graduacao;Propria;Alto;Sem conta;2580;21;1
26;H;Ensino Medio;Alugada;Pouco;Sem conta;4530;30;0
33;M;Graduacao;Propria;Pouco;Sem conta;5150;24;0
24;M;Graduacao;Propria;Moderado;Moderado;5595;72;1
64;M;Pos Graduacao;Alugada;Pouco;Pouco;2384;24;0
26;H;Graduacao;Propria;Pouco;Sem conta;1453;18;0
56;H;Graduacao;Propria;Pouco;Sem conta;1538;6;0
37;M;Graduacao;De favor;Sem investimento;Sem conta;2279;12;0
33;M;Graduacao;Propria;Pouco;Sem conta;1478;15;0
47;M;Graduacao;De favor;Pouco;Sem conta;5103;24;0
31;M;Pos Graduacao;Propria;Moderado;Moderado;9857;36;0
34;M;Graduacao;De favor;Sem investimento;Sem conta;6527;60;0
27;M;Graduacao;Propria;Sem investimento;Alto;1347;10;0
30;M;Graduacao;De favor;Moderado;Moderado;2862;36;0
35;M;Graduacao;Propria;Moderado;Sem conta;2753;9;0
31;M;Graduacao;Propria;Alto;Pouco;3651;12;0
25;M;Graduacao;Propria;Pouco;Pouco;975;15;0
25;H;Pos Graduacao;Propria;Moderado;Moderado;2631;15;0
29;M;Graduacao;Propria;Moderado;Moderado;2896;24;0
44;M;Pos Graduacao;Propria;Sem investimento;Pouco;4716;6;0
28;M;Graduacao;Propria;Pouco;Sem conta;2284;24;0
50;M;Graduacao;Alugada;Alto;Sem conta;1236;6;0
29;M;Graduacao;Propria;Pouco;Moderado;1103;12;0
38;H;Ensino Medio;Propria;Pouco;Sem conta;926;12;0
24;M;Graduacao;Propria;Pouco;Sem conta;1800;18;0
40;M;Ensino Medio;Alugada;Pouco;Alto;1905;15;0
29;H;Pos Graduacao;Alugada;Alto;Sem conta;1123;12;1
46;M;Graduacao;De favor;Pouco;Pouco;6331;48;1
47;H;Graduacao;De favor;Moderado;Alto;1377;24;0
41;M;Graduacao;Propria;Moderado;Moderado;2503;30;0
32;H;Graduacao;Propria;Pouco;Moderado;2528;27;0
35;H;Graduacao;De favor;Alto;Sem conta;5324;15;0
24;M;Graduacao;Propria;Moderado;Moderado;6560;48;1
25;H;Graduacao;Alugada;Pouco;Moderado;2969;12;1
25;H;Graduacao;Propria;Pouco;Moderado;1206;9;0
37;M;Pos Graduacao;Propria;Pouco;Moderado;2118;9;0
32;M;Ensino Medio;Propria;Alto;Sem conta;629;18;0
35;H;Graduacao;De favor;Pouco;Pouco;1198;6;1
46;M;Ensino Medio;Propria;Sem investimento;Sem conta;2476;21;0
25;M;Pos Graduacao;Propria;Pouco;Pouco;1138;9;0
27;M;Ensino Medio;Propria;Pouco;Moderado;14027;60;1
63;M;Graduacao;Propria;Sem investimento;Sem conta;7596;30;0
40;M;Graduacao;Propria;Sem investimento;Sem conta;3077;30;0
32;M;Ensino Medio;De favor;Pouco;Sem conta;1505;18;0
31;M;Graduacao;Propria;Sem investimento;Alto;3148;24;0
31;M;Graduacao;Propria;Moderado;Moderado;6148;20;0
34;M;Ensino Medio;Propria;Pouco;Alto;1337;9;1
24;H;Graduacao;Alugada;Alto;Moderado;433;6;1
24;H;Pos Graduacao;Propria;Pouco;Pouco;1228;12;1
66;H;Pos Graduacao;Propria;Alto;Moderado;790;9;0
21;H;Graduacao;Alugada;Pouco;Sem conta;2570;27;1
41;H;Pos Graduacao;Propria;Alto;Sem conta;250;6;0
47;M;Pos Graduacao;Propria;Alto;Sem conta;1316;15;0
25;H;Graduacao;Alugada;Pouco;Pouco;1882;18;1
59;H;Graduacao;Alugada;Pouco;Moderado;6416;48;1
36;M;Graduacao;Propria;Alto;Alto;1275;24;0
33;M;Graduacao;Propria;Pouco;Moderado;6403;24;0
21;M;Pos Graduacao;Alugada;Pouco;Pouco;1987;24;1
44;H;Pos Graduacao;Propria;Pouco;Moderado;760;8;0
28;H;Graduacao;Alugada;Alto;Sem conta;2603;24;0
37;H;Graduacao;Propria;Pouco;Sem conta;3380;4;0
29;H;Ensino Medio;Propria;Sem investimento;Alto;3990;36;0
23;H;Ensino Medio;Alugada;Pouco;Moderado;11560;24;1
35;M;Pos Graduacao;Propria;Moderado;Pouco;4380;18;0
45;M;Ensino Medio;Propria;Pouco;Sem conta;6761;6;0
26;H;Pos Graduacao;Alugada;Moderado;Moderado;4280;30;1
32;M;Graduacao;Propria;Moderado;Pouco;2325;24;0
23;M;Pos Graduacao;Propria;Pouco;Moderado;1048;10;0
41;M;Graduacao;Propria;Sem investimento;Sem conta;3160;21;0
22;M;Graduacao;Propria;Alto;Pouco;2483;24;0
30;M;Ensino Medio;Propria;Sem investimento;Pouco;14179;39;0
28;M;Pos Graduacao;Propria;Pouco;Pouco;1797;13;0
23;H;Graduacao;Alugada;Pouco;Pouco;2511;15;0
37;H;Pos Graduacao;Propria;Pouco;Pouco;1274;12;1
26;M;Graduacao;Propria;Sem investimento;Sem conta;5248;21;0
33;M;Graduacao;Propria;Pouco;Sem conta;3029;15;0
49;H;Graduacao;Propria;Pouco;Pouco;428;6;0
23;H;Pos Graduacao;Propria;Pouco;Pouco;976;18;1
23;H;Pos Graduacao;Alugada;Moderado;Moderado;841;12;0
25;H;Graduacao;Propria;Pouco;Sem conta;5771;30;0
55;M;Graduacao;De favor;Alto;Sem conta;1555;12;1
32;H;Graduacao;Alugada;Sem investimento;Pouco;1285;24;1
74;M;Ensino Medio;Propria;Pouco;Alto;1299;6;0
39;M;Graduacao;De favor;Sem investimento;Alto;1271;15;1
31;M;Graduacao;Propria;Pouco;Sem conta;1393;24;0
35;M;Graduacao;Propria;Pouco;Pouco;691;12;1
59;H;Graduacao;Propria;Sem investimento;Sem conta;5045;15;0
24;H;Graduacao;Alugada;Pouco;Pouco;2124;18;1
24;M;Pos Graduacao;Propria;Pouco;Pouco;2214;12;0
30;M;Ensino Medio;De favor;Sem investimento;Sem conta;12680;21;1
27;M;Graduacao;Propria;Moderado;Sem conta;2463;24;0
40;M;Pos Graduacao;Propria;Pouco;Moderado;1155;12;0
31;M;Pos Graduacao;Propria;Pouco;Pouco;3108;30;1
31;H;Graduacao;Alugada;Sem investimento;Sem conta;2901;10;0
28;M;Graduacao;Alugada;Pouco;Moderado;3617;12;0
63;M;Pos Graduacao;Propria;Pouco;Sem conta;1655;12;0
26;H;Graduacao;Alugada;Sem investimento;Pouco;2812;24;0
25;H;Ensino Medio;Propria;Pouco;Pouco;8065;36;1
36;M;Ensino Medio;Propria;Pouco;Sem conta;3275;21;0
52;M;Graduacao;Propria;Moderado;Sem conta;2223;24;0
66;M;Ensino Medio;De favor;Alto;Alto;1480;12;0
25;H;Graduacao;Alugada;Sem investimento;Pouco;1371;24;1
37;M;Graduacao;Propria;Pouco;Sem conta;3535;36;0
25;H;Graduacao;Propria;Pouco;Pouco;3509;18;0
38;M;Ensino Medio;Propria;Alto;Sem conta;5711;36;0
67;H;Graduacao;Propria;Pouco;Moderado;3872;18;0
25;M;Graduacao;Propria;Pouco;Moderado;4933;39;1
60;M;Graduacao;Propria;Alto;Sem conta;1940;24;0
31;M;Pos Graduacao;Propria;Pouco;Moderado;1410;12;0
23;H;Pos Graduacao;Propria;Moderado;Moderado;836;12;1
60;M;Ensino Medio;Propria;Sem investimento;Alto;6468;20;0
35;M;Pos Graduacao;Propria;Alto;Moderado;1941;18;0
40;M;Graduacao;Propria;Alto;Sem conta;2675;22;0
38;M;Graduacao;Propria;Sem investimento;Sem conta;2751;48;0
50;M;Graduacao;De favor;Pouco;Moderado;6224;48;1
27;M;Graduacao;Propria;Pouco;Pouco;5998;40;1
39;H;Graduacao;Propria;Pouco;Moderado;1188;21;1
41;M;Ensino Medio;Propria;Sem investimento;Sem conta;6313;24;0
27;M;Graduacao;Propria;Sem investimento;Sem conta;1221;6;0
51;M;Graduacao;De favor;Pouco;Alto;2892;24;0
32;M;Graduacao;Alugada;Alto;Sem conta;3062;24;0
22;H;Graduacao;Alugada;Moderado;Sem conta;2301;9;0
51;M;Graduacao;De favor;Sem investimento;Pouco;7511;18;1
22;H;Pos Graduacao;Alugada;Pouco;Sem conta;1258;12;0
54;M;Graduacao;Propria;Sem investimento;Sem conta;717;24;0
35;M;Ensino Medio;Propria;Sem investimento;Alto;1549;9;0
54;M;Graduacao;De favor;Pouco;Sem conta;1597;24;0
48;H;Pos Graduacao;Alugada;Pouco;Moderado;1795;18;0
24;H;Graduacao;Propria;Pouco;Pouco;4272;20;0
35;M;Graduacao;Propria;Sem investimento;Sem conta;976;12;0
24;H;Ensino Medio;Alugada;Sem investimento;Alto;7472;12;0
24;M;Graduacao;Propria;Pouco;Pouco;9271;36;1
26;M;Pos Graduacao;Propria;Pouco;Moderado;590;6;0
65;M;Graduacao;Propria;Sem investimento;Sem conta;930;12;0
55;M;Ensino Medio;De favor;Pouco;Moderado;9283;42;0
26;H;Ensino Medio;Alugada;Pouco;Moderado;1778;15;1
26;M;Graduacao;Propria;Pouco;Moderado;907;8;0
28;M;Pos Graduacao;Propria;Pouco;Moderado;484;6;0
24;M;Graduacao;Propria;Pouco;Pouco;9629;36;1
54;M;Graduacao;Propria;Pouco;Pouco;3051;48;1
46;M;Graduacao;De favor;Pouco;Pouco;3931;48;1
54;H;Graduacao;Alugada;Pouco;Moderado;7432;36;0
62;M;Graduacao;Propria;Alto;Sem conta;1338;6;0
24;H;Graduacao;Alugada;Pouco;Sem conta;1554;6;0
43;M;Ensino Medio;Propria;Pouco;Pouco;15857;36;0
26;M;Graduacao;Propria;Pouco;Pouco;1345;18;1
27;M;Graduacao;Propria;Pouco;Sem conta;1101;12;0
24;M;Graduacao;Propria;Pouco;Alto;3016;12;0
41;M;Graduacao;Propria;Pouco;Pouco;2712;36;1
47;M;Pos Graduacao;Propria;Pouco;Pouco;731;8;0
35;M;Ensino Medio;Propria;Pouco;Sem conta;3780;18;0
30;M;Graduacao;Propria;Pouco;Pouco;1602;21;0
33;H;Graduacao;Alugada;Pouco;Pouco;3966;18;1
36;M;Graduacao;Propria;Pouco;Sem conta;4165;18;1
47;M;Graduacao;De favor;Sem investimento;Pouco;8335;36;1
38;M;Graduacao;De favor;Sem investimento;Alto;6681;48;0
44;M;Graduacao;Propria;Alto;Sem conta;2375;24;0
23;H;Graduacao;Alugada;Pouco;Pouco;1216;18;1
29;M;Graduacao;Alugada;Pouco;Pouco;11816;45;1
42;H;Graduacao;Propria;Sem investimento;Alto;5084;24;0
25;H;Pos Graduacao;Propria;Pouco;Alto;2327;15;1
48;M;Graduacao;Propria;Pouco;Pouco;1082;12;1
21;H;Graduacao;Propria;Sem investimento;Sem conta;886;12;0
23;H;Pos Graduacao;Alugada;Pouco;Sem conta;601;4;0
63;M;Graduacao;Propria;Pouco;Pouco;2957;24;0
46;M;Graduacao;Propria;Pouco;Sem conta;2611;24;0
29;M;Graduacao;Propria;Pouco;Pouco;5179;36;1
28;M;Pos Graduacao;Propria;Pouco;Sem conta;2993;21;0
23;H;Graduacao;Propria;Pouco;Sem conta;1943;18;1
50;M;Graduacao;Propria;Pouco;Sem conta;1559;24;0
47;M;Graduacao;Propria;Pouco;Sem conta;3422;18;0
35;M;Graduacao;Propria;Sem investimento;Alto;3976;21;0
68;M;Graduacao;Alugada;Sem investimento;Sem conta;6761;18;1
28;M;Graduacao;Propria;Pouco;Sem conta;1249;24;0
59;M;Graduacao;Propria;Pouco;Pouco;1364;9;0
57;M;Pos Graduacao;Propria;Pouco;Pouco;709;12;1
33;M;Graduacao;Alugada;Pouco;Pouco;2235;20;1
43;M;Graduacao;Propria;Sem investimento;Sem conta;4042;24;0
35;M;Graduacao;De favor;Pouco;Sem conta;1471;15;0
32;M;Pos Graduacao;De favor;Pouco;Pouco;1442;18;1
45;M;Graduacao;Propria;Pouco;Sem conta;10875;36;0
33;M;Graduacao;Propria;Moderado;Sem conta;1474;24;0
40;H;Graduacao;Propria;Sem investimento;Sem conta;894;10;0
28;M;Graduacao;De favor;Pouco;Sem conta;3343;15;0
29;H;Graduacao;Propria;Pouco;Pouco;3959;15;1
26;M;Graduacao;Alugada;Moderado;Sem conta;3577;9;0
27;M;Graduacao;Propria;Alto;Sem conta;5804;24;0
28;M;Graduacao;Propria;Pouco;Sem conta;2169;18;1
35;H;Graduacao;Propria;Pouco;Pouco;2439;24;1
32;M;Pos Graduacao;Propria;Alto;Sem conta;4526;27;0
25;M;Pos Graduacao;Alugada;Pouco;Sem conta;2210;10;1
20;H;Graduacao;Alugada;Alto;Sem conta;2221;15;0
27;H;Graduacao;Propria;Pouco;Pouco;2389;18;0
42;M;Graduacao;Propria;Pouco;Sem conta;3331;12;0
37;M;Graduacao;Propria;Sem investimento;Sem conta;7409;36;0
24;H;Graduacao;Alugada;Pouco;Pouco;652;12;0
40;H;Graduacao;Propria;Alto;Sem conta;7678;36;0
46;M;Graduacao;Propria;Pouco;Alto;1343;6;0
26;M;Graduacao;Propria;Moderado;Pouco;1382;24;0
24;H;Graduacao;Propria;Sem investimento;Sem conta;874;15;0
29;M;Pos Graduacao;Propria;Pouco;Pouco;3590;12;0
40;H;Graduacao;Propria;Alto;Moderado;1322;11;0
36;M;Ensino Medio;De favor;Pouco;Pouco;1940;18;0
28;M;Graduacao;Propria;Pouco;Sem conta;3595;36;0
27;M;Ensino Medio;De favor;Pouco;Pouco;1422;9;1
36;M;Graduacao;Propria;Sem investimento;Sem conta;6742;30;0
38;M;Ensino Medio;Propria;Pouco;Sem conta;7814;24;0
48;M;Graduacao;De favor;Sem investimento;Sem conta;9277;24;0
36;M;Graduacao;Propria;Sem investimento;Alto;2181;30;0
65;H;Ensino Medio;Propria;Pouco;Sem conta;1098;18;0
43;M;Graduacao;Propria;Pouco;Moderado;4057;24;1
53;H;Graduacao;Propria;Pouco;Pouco;795;12;1
34;M;Graduacao;Propria;Sem investimento;Alto;2825;24;0
23;M;Graduacao;Propria;Pouco;Moderado;15672;48;1
34;M;Ensino Medio;Propria;Pouco;Sem conta;6614;36;0
40;M;Graduacao;Alugada;Sem investimento;Sem conta;7824;28;0
43;M;Ensino Medio;Propria;Pouco;Pouco;2442;27;0
46;M;Graduacao;Propria;Pouco;Sem conta;1829;15;0
38;M;Pos Graduacao;Propria;Pouco;Pouco;2171;12;0
34;M;Graduacao;Propria;Pouco;Moderado;5800;36;0
29;M;Graduacao;Propria;Sem investimento;Sem conta;1169;18;0
31;M;Ensino Medio;Propria;Sem investimento;Sem conta;8947;36;0
28;H;Ensino Medio;Alugada;Pouco;Pouco;2606;21;0
35;H;Graduacao;Propria;Alto;Sem conta;1592;12;0
33;H;Pos Graduacao;Alugada;Sem investimento;Sem conta;2186;15;0
42;M;Graduacao;Propria;Pouco;Pouco;4153;18;1
43;M;Graduacao;Alugada;Pouco;Pouco;2625;16;1
44;M;Graduacao;Propria;Sem investimento;Sem conta;3485;20;0
42;M;Graduacao;De favor;Sem investimento;Sem conta;10477;36;0
40;M;Graduacao;Alugada;Sem investimento;Sem conta;1386;15;0
36;M;Ensino Medio;Propria;Pouco;Sem conta;1278;24;0
20;M;Ensino Medio;Alugada;Pouco;Pouco;1107;12;0
24;M;Pos Graduacao;Propria;Sem investimento;Pouco;3763;21;0
27;M;Graduacao;Propria;Sem investimento;Alto;3711;36;0
46;H;Pos Graduacao;Propria;Pouco;Sem conta;3594;15;0
33;H;Pos Graduacao;Propria;Sem investimento;Alto;3195;9;0
34;H;Graduacao;Propria;Pouco;Sem conta;4454;36;0
25;H;Pos Graduacao;Propria;Pouco;Moderado;4736;24;1
25;H;Graduacao;Propria;Sem investimento;Alto;2991;30;0
28;M;Graduacao;Propria;Alto;Sem conta;2142;11;0
31;M;Graduacao;Alugada;Pouco;Pouco;3161;24;1
32;H;Ensino Medio;Propria;Pouco;Moderado;18424;48;1
32;M;Graduacao;Propria;Moderado;Sem conta;2848;10;0
68;M;Ensino Medio;Propria;Pouco;Pouco;14896;6;1
33;M;Graduacao;Propria;Moderado;Pouco;2359;24;1
39;M;Ensino Medio;Alugada;Pouco;Pouco;3345;24;1
28;H;Graduacao;Propria;Pouco;Sem conta;1817;18;0
37;M;Ensino Medio;Propria;Alto;Sem conta;12749;48;0
22;H;Graduacao;Alugada;Pouco;Pouco;1366;9;1
30;M;Graduacao;Alugada;Pouco;Moderado;2002;12;0
55;M;Graduacao;Propria;Pouco;Pouco;6872;24;1
46;M;Graduacao;Propria;Pouco;Pouco;697;12;1
21;H;Graduacao;Alugada;Pouco;Pouco;1049;18;0
39;M;Graduacao;De favor;Pouco;Pouco;10297;48;1
58;M;Graduacao;Propria;Sem investimento;Sem conta;1867;30;0
43;M;Pos Graduacao;Propria;Pouco;Pouco;1344;12;0
24;M;Pos Graduacao;Propria;Pouco;Pouco;1747;24;0
22;H;Graduacao;Propria;Pouco;Moderado;1670;9;1
30;M;Graduacao;Propria;Pouco;Sem conta;1224;9;0
42;M;Graduacao;Propria;Alto;Sem conta;522;12;0
23;H;Graduacao;Propria;Pouco;Pouco;1498;12;0
30;M;Ensino Medio;Propria;Moderado;Moderado;1919;30;1
28;H;Pos Graduacao;Propria;Pouco;Alto;745;9;1
30;M;Ensino Medio;Alugada;Pouco;Moderado;2063;6;0
42;M;Graduacao;De favor;Pouco;Moderado;6288;60;1
46;M;Ensino Medio;Propria;Sem investimento;Sem conta;6842;24;0
45;M;Ensino Medio;Propria;Sem investimento;Sem conta;3527;12;0
31;M;Pos Graduacao;Propria;Pouco;Sem conta;1546;10;0
31;M;Graduacao;Propria;Sem investimento;Sem conta;929;24;0
42;M;Pos Graduacao;Propria;Pouco;Sem conta;1455;4;0
46;H;Graduacao;Alugada;Pouco;Pouco;1845;15;0
30;H;Graduacao;Propria;Alto;Moderado;8358;48;0
30;M;Graduacao;De favor;Alto;Pouco;3349;24;1
38;M;Ensino Medio;Propria;Sem investimento;Sem conta;2859;12;0
43;M;Pos Graduacao;Propria;Pouco;Sem conta;1533;18;1
31;M;Graduacao;Propria;Moderado;Sem conta;3621;24;1
40;M;Ensino Medio;Propria;Pouco;Moderado;3590;18;0
24;M;Graduacao;Propria;Pouco;Pouco;2145;36;1
28;H;Graduacao;Alugada;Alto;Moderado;4113;24;1
26;H;Ensino Medio;Propria;Pouco;Sem conta;10974;36;1
29;H;Graduacao;Propria;Pouco;Pouco;1893;12;0
57;H;Ensino Medio;Alugada;Alto;Pouco;1231;24;0
49;M;Pos Graduacao;Propria;Sem investimento;Alto;3656;30;0
37;M;Pos Graduacao;Propria;Pouco;Moderado;1154;9;0
45;M;Pos Graduacao;Propria;Pouco;Pouco;4006;28;1
30;M;Graduacao;De favor;Moderado;Moderado;3069;24;0
30;M;Graduacao;Alugada;Pouco;Sem conta;1740;6;0
47;M;Graduacao;Propria;Pouco;Moderado;2353;21;0
29;M;Graduacao;Propria;Sem investimento;Sem conta;3556;15;0
35;M;Graduacao;Propria;Alto;Sem conta;2397;24;1
22;M;Pos Graduacao;Propria;Pouco;Moderado;454;6;0
26;H;Graduacao;Propria;Sem investimento;Alto;1715;30;0
23;M;Pos Graduacao;Propria;Alto;Moderado;2520;27;1
54;H;Ensino Medio;Alugada;Pouco;Sem conta;3568;15;0
29;M;Graduacao;Alugada;Sem investimento;Sem conta;7166;42;0
40;M;Pos Graduacao;Propria;Pouco;Pouco;3939;11;0
22;M;Graduacao;Propria;Moderado;Moderado;1514;15;0
43;M;Pos Graduacao;Propria;Pouco;Sem conta;7393;24;0
29;H;Ensino Medio;Alugada;Pouco;Pouco;1193;24;1
36;M;Graduacao;Alugada;Pouco;Pouco;7297;60;1
33;H;Graduacao;Propria;Pouco;Sem conta;2831;30;0
57;H;Pos Graduacao;Propria;Alto;Alto;1258;24;0
64;H;Graduacao;Propria;Pouco;Moderado;753;6;0
42;M;Graduacao;Propria;Sem investimento;Alto;2427;18;0
47;M;Pos Graduacao;Propria;Pouco;Sem conta;2538;24;1
25;M;Graduacao;Alugada;Moderado;Moderado;1264;15;1
49;M;Graduacao;Propria;Pouco;Moderado;8386;30;1
33;M;Ensino Medio;Alugada;Pouco;Sem conta;4844;48;1
28;H;Ensino Medio;Propria;Moderado;Alto;2923;21;0
26;M;Graduacao;Propria;Pouco;Pouco;8229;36;1
30;M;Pos Graduacao;Propria;Pouco;Sem conta;2028;24;0
25;H;Graduacao;Alugada;Pouco;Pouco;1433;15;0
33;M;Graduacao;Propria;Pouco;Alto;6289;42;0
64;H;Graduacao;Propria;Moderado;Sem conta;1409;13;0
29;M;Ensino Medio;De favor;Pouco;Pouco;6579;24;0
48;M;Pos Graduacao;Propria;Pouco;Moderado;1743;24;0
37;M;Pos Graduacao;Propria;Sem investimento;Sem conta;3565;12;0
34;M;Pos Graduacao;Propria;Moderado;Sem conta;1569;15;0
23;M;Pos Graduacao;Alugada;Sem investimento;Pouco;1936;18;0
30;M;Ensino Medio;Propria;Pouco;Pouco;3959;36;0
50;M;Graduacao;Propria;Sem investimento;Sem conta;2390;12;0
31;H;Pos Graduacao;Propria;Pouco;Sem conta;1736;12;0
40;M;Ensino Medio;Propria;Pouco;Pouco;3857;30;0
38;M;Graduacao;Propria;Pouco;Sem conta;804;12;0
23;M;Graduacao;De favor;Pouco;Pouco;1845;45;1
27;M;Graduacao;Propria;Moderado;Moderado;4576;45;0